{"cameraMode":{"drawMode":0,"name":"Shaded","section":"Shading Mode"},"sceneLighting":false,"audioPlay":false,"sceneViewState":{"showFog":false,"showMaterialUpdate":false,"showSkybox":false,"showFlares":false,"showImageEffects":false,"showParticleSystems":false},"in2DMode":false,"pivot":{"x":12.113767623901368,"y":-4.622002601623535,"z":4.076375484466553},"rotation":{"x":0.6804277896881104,"y":-0.25901514291763308,"z":0.28208231925964358,"w":0.6247869729995728},"size":29.215465545654298,"orthographic":false}