{"cameraMode":{"drawMode":0,"name":"Shaded","section":"Shading Mode"},"sceneLighting":false,"audioPlay":false,"sceneViewState":{"showFog":false,"showMaterialUpdate":false,"showSkybox":false,"showFlares":false,"showImageEffects":false,"showParticleSystems":false},"in2DMode":false,"pivot":{"x":12.276860237121582,"y":-1.8206291198730469,"z":-3.186307907104492},"rotation":{"x":0.49556976556777956,"y":-0.07796575874090195,"z":0.04472444951534271,"w":0.8639048933982849},"size":45.08613204956055,"orthographic":false}