{"cameraMode":{"drawMode":0,"name":"Shaded","section":"Shading Mode"},"sceneLighting":false,"audioPlay":false,"sceneViewState":{"showFog":false,"showMaterialUpdate":false,"showSkybox":false,"showFlares":false,"showImageEffects":false,"showParticleSystems":false},"in2DMode":false,"pivot":{"x":308.77984619140627,"y":417.2074890136719,"z":42.94188690185547},"rotation":{"x":0.06894148886203766,"y":-0.010474788956344128,"z":0.0007239105179905891,"w":0.9975654482841492},"size":551.2645263671875,"orthographic":false}