{"cameraMode":{"drawMode":0,"name":"Shaded","section":"Shading Mode"},"sceneLighting":false,"audioPlay":false,"sceneViewState":{"showFog":false,"showMaterialUpdate":false,"showSkybox":false,"showFlares":false,"showImageEffects":false,"showParticleSystems":false},"in2DMode":false,"pivot":{"x":13.905040740966797,"y":-6.954253196716309,"z":-7.028321266174316},"rotation":{"x":0.5301417708396912,"y":-0.076090969145298,"z":0.047844503074884418,"w":0.8431315422058106},"size":3.44059419631958,"orthographic":false}