{"cameraMode":{"drawMode":0,"name":"Shaded","section":"Shading Mode"},"sceneLighting":false,"audioPlay":false,"sceneViewState":{"showFog":false,"showMaterialUpdate":false,"showSkybox":false,"showFlares":false,"showImageEffects":false,"showParticleSystems":false},"in2DMode":false,"pivot":{"x":-0.035727377980947497,"y":0.1830013394355774,"z":-3.3314249515533449},"rotation":{"x":0.039841603487730029,"y":-0.9497210383415222,"z":0.27948909997940066,"w":0.13538266718387605},"size":3.5995566844940187,"orthographic":false}