{"cameraMode":{"drawMode":0,"name":"Shaded","section":"Shading Mode"},"sceneLighting":false,"audioPlay":false,"sceneViewState":{"showFog":false,"showMaterialUpdate":false,"showSkybox":false,"showFlares":false,"showImageEffects":false,"showParticleSystems":false},"in2DMode":false,"pivot":{"x":9.326019287109375,"y":0.0,"z":0.9797260761260986},"rotation":{"x":0.5806121826171875,"y":-0.006106095388531685,"z":0.004354615230113268,"w":0.8141457438468933},"size":2.8578836917877199,"orthographic":false}