{"cameraMode":{"drawMode":0,"name":"Shaded","section":"Shading Mode"},"sceneLighting":false,"audioPlay":false,"sceneViewState":{"showFog":false,"showMaterialUpdate":false,"showSkybox":false,"showFlares":false,"showImageEffects":false,"showParticleSystems":false},"in2DMode":false,"pivot":{"x":-23.900554656982423,"y":0.43696367740631106,"z":18.58168601989746},"rotation":{"x":0.4222974479198456,"y":-0.0282736923545599,"z":0.013179491274058819,"w":0.9059203863143921},"size":17.620641708374025,"orthographic":false}