{"cameraMode":{"drawMode":0,"name":"Shaded","section":"Shading Mode"},"sceneLighting":false,"audioPlay":false,"sceneViewState":{"showFog":false,"showMaterialUpdate":false,"showSkybox":false,"showFlares":false,"showImageEffects":false,"showParticleSystems":false},"in2DMode":false,"pivot":{"x":-30.266061782836915,"y":0.6798173189163208,"z":5.160898208618164},"rotation":{"x":0.4222974479198456,"y":-0.0282736923545599,"z":0.013179491274058819,"w":0.9059203863143921},"size":22.0,"orthographic":false}