{"cameraMode":{"drawMode":0,"name":"Shaded","section":"Shading Mode"},"sceneLighting":false,"audioPlay":false,"sceneViewState":{"showFog":false,"showMaterialUpdate":false,"showSkybox":false,"showFlares":false,"showImageEffects":false,"showParticleSystems":false},"in2DMode":false,"pivot":{"x":0.21191620826721192,"y":0.8071544766426086,"z":0.4369966983795166},"rotation":{"x":0.23597337305545808,"y":-0.046623412519693378,"z":0.011335433460772038,"w":0.9705742597579956},"size":12.736506462097168,"orthographic":false}