{"cameraMode":{"drawMode":0,"name":"Shaded","section":"Shading Mode"},"sceneLighting":false,"audioPlay":false,"sceneViewState":{"showFog":false,"showMaterialUpdate":false,"showSkybox":false,"showFlares":false,"showImageEffects":false,"showParticleSystems":false},"in2DMode":false,"pivot":{"x":1.138616919517517,"y":0.31424349546432497,"z":-2.3233015537261965},"rotation":{"x":0.49057161808013918,"y":-0.07433106005191803,"z":0.04204871878027916,"w":0.8672060370445252},"size":17.357728958129884,"orthographic":false}