{"cameraMode":{"drawMode":0,"name":"Shaded","section":"Shading Mode"},"sceneLighting":false,"audioPlay":false,"sceneViewState":{"showFog":false,"showMaterialUpdate":false,"showSkybox":false,"showFlares":false,"showImageEffects":false,"showParticleSystems":false},"in2DMode":false,"pivot":{"x":235.83694458007813,"y":254.96356201171876,"z":-1311.9351806640625},"rotation":{"x":0.38098523020744326,"y":-0.5006921887397766,"z":0.26047787070274355,"w":0.7323312163352966},"size":1825.13818359375,"orthographic":false}