{"cameraMode":{"drawMode":0,"name":"Shaded","section":"Shading Mode"},"sceneLighting":false,"audioPlay":false,"sceneViewState":{"showFog":false,"showMaterialUpdate":false,"showSkybox":false,"showFlares":false,"showImageEffects":false,"showParticleSystems":false},"in2DMode":false,"pivot":{"x":9.449846267700196,"y":-2.598944664001465,"z":-6.68654727935791},"rotation":{"x":0.3054775893688202,"y":0.6856638789176941,"z":-0.528861403465271,"w":0.3960481882095337},"size":12.87087345123291,"orthographic":false}