{"cameraMode":{"drawMode":0,"name":"Shaded","section":"Shading Mode"},"sceneLighting":false,"audioPlay":false,"sceneViewState":{"showFog":false,"showMaterialUpdate":false,"showSkybox":false,"showFlares":false,"showImageEffects":false,"showParticleSystems":false},"in2DMode":false,"pivot":{"x":0.3899998664855957,"y":0.5260735154151917,"z":0.3100004196166992},"rotation":{"x":0.23597337305545808,"y":-0.046623412519693378,"z":0.011335433460772038,"w":0.9705742597579956},"size":12.233962059020996,"orthographic":false}