{"cameraMode":{"drawMode":0,"name":"Shaded","section":"Shading Mode"},"sceneLighting":false,"audioPlay":false,"sceneViewState":{"showFog":false,"showMaterialUpdate":false,"showSkybox":false,"showFlares":false,"showImageEffects":false,"showParticleSystems":false},"in2DMode":false,"pivot":{"x":6.937871932983398,"y":-0.6777132749557495,"z":-10.629740715026856},"rotation":{"x":0.4222974479198456,"y":-0.0282736923545599,"z":0.013179491274058819,"w":0.9059203863143921},"size":2.0198657512664797,"orthographic":false}