{"cameraMode":{"drawMode":0,"name":"Shaded","section":"Shading Mode"},"sceneLighting":false,"audioPlay":false,"sceneViewState":{"showFog":false,"showMaterialUpdate":false,"showSkybox":false,"showFlares":false,"showImageEffects":false,"showParticleSystems":false},"in2DMode":false,"pivot":{"x":1.4901161193847657e-8,"y":0.2767522931098938,"z":0.0},"rotation":{"x":0.20975512266159059,"y":0.03958667442202568,"z":-0.008499928750097752,"w":0.9769153594970703},"size":1.2552084922790528,"orthographic":true}