{"cameraMode":{"drawMode":0,"name":"Shaded","section":"Shading Mode"},"sceneLighting":false,"audioPlay":false,"sceneViewState":{"showFog":false,"showMaterialUpdate":false,"showSkybox":false,"showFlares":false,"showImageEffects":false,"showParticleSystems":false},"in2DMode":false,"pivot":{"x":3.7519054412841799,"y":-9.376321792602539,"z":-1.1388723850250245},"rotation":{"x":0.5358284711837769,"y":0.005064878147095442,"z":-0.0032152729108929636,"w":0.8443055748939514},"size":53.63890075683594,"orthographic":false}