{"cameraMode":{"drawMode":0,"name":"Shaded","section":"Shading Mode"},"sceneLighting":false,"audioPlay":false,"sceneViewState":{"showFog":false,"showMaterialUpdate":false,"showSkybox":false,"showFlares":false,"showImageEffects":false,"showParticleSystems":false},"in2DMode":false,"pivot":{"x":-0.014077776111662388,"y":-0.9073951244354248,"z":-0.27408838272094729},"rotation":{"x":0.09987287223339081,"y":-0.8323799967765808,"z":0.5212835073471069,"w":0.1594758927822113},"size":6.704472064971924,"orthographic":false}