{"cameraMode":{"drawMode":0,"name":"Shaded","section":"Shading Mode"},"sceneLighting":false,"audioPlay":false,"sceneViewState":{"showFog":false,"showMaterialUpdate":false,"showSkybox":false,"showFlares":false,"showImageEffects":false,"showParticleSystems":false},"in2DMode":false,"pivot":{"x":3.2006452083587648,"y":-0.6046074032783508,"z":12.090063095092774},"rotation":{"x":0.4092608094215393,"y":-0.44675013422966006,"z":0.24116940796375276,"w":0.7581275105476379},"size":7.0021748542785648,"orthographic":false}