{"cameraMode":{"drawMode":0,"name":"Shaded","section":"Shading Mode"},"sceneLighting":false,"audioPlay":false,"sceneViewState":{"showFog":false,"showMaterialUpdate":false,"showSkybox":false,"showFlares":false,"showImageEffects":false,"showParticleSystems":false},"in2DMode":false,"pivot":{"x":-25.700000762939454,"y":0.411008358001709,"z":-4.850000381469727},"rotation":{"x":0.4222974479198456,"y":-0.0282736923545599,"z":0.013179491274058819,"w":0.9059203863143921},"size":27.95722770690918,"orthographic":false}