{"cameraMode":{"drawMode":0,"name":"Shaded","section":"Shading Mode"},"sceneLighting":false,"audioPlay":false,"sceneViewState":{"showFog":false,"showMaterialUpdate":false,"showSkybox":false,"showFlares":false,"showImageEffects":false,"showParticleSystems":false},"in2DMode":false,"pivot":{"x":0.06999993324279785,"y":0.86528480052948,"z":-0.3200000524520874},"rotation":{"x":0.23597337305545808,"y":-0.046623412519693378,"z":0.011335433460772038,"w":0.9705742597579956},"size":10.92186450958252,"orthographic":false}