{"cameraMode":{"drawMode":0,"name":"Shaded","section":"Shading Mode"},"sceneLighting":false,"audioPlay":false,"sceneViewState":{"showFog":false,"showMaterialUpdate":false,"showSkybox":false,"showFlares":false,"showImageEffects":false,"showParticleSystems":false},"in2DMode":false,"pivot":{"x":5.239999771118164,"y":0.5099999904632568,"z":-1.159999966621399},"rotation":{"x":0.49556976556777956,"y":-0.07796575874090195,"z":0.04472444951534271,"w":0.8639048933982849},"size":156.44302368164063,"orthographic":false}