{"cameraMode":{"drawMode":0,"name":"Shaded","section":"Shading Mode"},"sceneLighting":false,"audioPlay":false,"sceneViewState":{"showFog":false,"showMaterialUpdate":false,"showSkybox":false,"showFlares":false,"showImageEffects":false,"showParticleSystems":false},"in2DMode":false,"pivot":{"x":10.485700607299805,"y":0.9745848178863525,"z":-5.352688789367676},"rotation":{"x":0.49057161808013918,"y":-0.07433106005191803,"z":0.04204871878027916,"w":0.8672060370445252},"size":14.905613899230957,"orthographic":false}