{"cameraMode":{"drawMode":0,"name":"Shaded","section":"Shading Mode"},"sceneLighting":false,"audioPlay":false,"sceneViewState":{"showFog":false,"showMaterialUpdate":false,"showSkybox":false,"showFlares":false,"showImageEffects":false,"showParticleSystems":false},"in2DMode":false,"pivot":{"x":6.149999618530273,"y":0.0811910629272461,"z":-3.8500003814697267},"rotation":{"x":0.4021281898021698,"y":-0.024716271087527276,"z":0.01086000818759203,"w":0.915185272693634},"size":123.81855773925781,"orthographic":false}