{"cameraMode":{"drawMode":0,"name":"Shaded","section":"Shading Mode"},"sceneLighting":false,"audioPlay":false,"sceneViewState":{"showFog":false,"showMaterialUpdate":false,"showSkybox":false,"showFlares":false,"showImageEffects":false,"showParticleSystems":false},"in2DMode":false,"pivot":{"x":12.866178512573243,"y":-3.2020444869995119,"z":-5.14649772644043},"rotation":{"x":0.5301417708396912,"y":-0.076090969145298,"z":0.047844503074884418,"w":0.8431315422058106},"size":3.44059419631958,"orthographic":false}