{"cameraMode":{"drawMode":0,"name":"Shaded","section":"Shading Mode"},"sceneLighting":false,"audioPlay":false,"sceneViewState":{"showFog":false,"showMaterialUpdate":false,"showSkybox":false,"showFlares":false,"showImageEffects":false,"showParticleSystems":false},"in2DMode":false,"pivot":{"x":-0.12088453769683838,"y":0.9281864762306213,"z":-0.1407618522644043},"rotation":{"x":0.4222974479198456,"y":-0.0282736923545599,"z":0.013179491274058819,"w":0.9059203863143921},"size":6.439350605010986,"orthographic":false}