{"cameraMode":{"drawMode":0,"name":"Shaded","section":"Shading Mode"},"sceneLighting":false,"audioPlay":false,"sceneViewState":{"showFog":false,"showMaterialUpdate":false,"showSkybox":false,"showFlares":false,"showImageEffects":false,"showParticleSystems":false},"in2DMode":false,"pivot":{"x":347.62530517578127,"y":374.1038818359375,"z":-33.34127426147461},"rotation":{"x":0.05397321656346321,"y":0.004492669831961393,"z":-0.0002436097856843844,"w":0.9985322952270508},"size":316.9747619628906,"orthographic":false}