{"cameraMode":{"drawMode":0,"name":"Shaded","section":"Shading Mode"},"sceneLighting":false,"audioPlay":false,"sceneViewState":{"showFog":false,"showMaterialUpdate":false,"showSkybox":false,"showFlares":false,"showImageEffects":false,"showParticleSystems":false},"in2DMode":false,"pivot":{"x":0.01140284538269043,"y":0.7845847606658936,"z":-0.01140284538269043},"rotation":{"x":0.289781779050827,"y":-0.0028712828643620016,"z":0.0008693497511558235,"w":0.957088053226471},"size":28.874603271484376,"orthographic":false}