{"cameraMode":{"drawMode":0,"name":"Shaded","section":"Shading Mode"},"sceneLighting":false,"audioPlay":false,"sceneViewState":{"showFog":false,"showMaterialUpdate":false,"showSkybox":false,"showFlares":false,"showImageEffects":false,"showParticleSystems":false},"in2DMode":false,"pivot":{"x":-0.0003943443298339844,"y":-3.6387040615081789,"z":0.1529836654663086},"rotation":{"x":0.3856058418750763,"y":0.023523971438407899,"z":-0.009835057891905308,"w":0.9223112463951111},"size":34.883670806884769,"orthographic":false}