{"cameraMode":{"drawMode":0,"name":"Shaded","section":"Shading Mode"},"sceneLighting":false,"audioPlay":false,"sceneViewState":{"showFog":false,"showMaterialUpdate":false,"showSkybox":false,"showFlares":false,"showImageEffects":false,"showParticleSystems":false},"in2DMode":false,"pivot":{"x":-25.77121925354004,"y":0.4071831703186035,"z":3.3663034439086916},"rotation":{"x":0.6321121454238892,"y":-0.036919523030519488,"z":0.030174139887094499,"w":0.7734084725379944},"size":26.40683364868164,"orthographic":false}