{"cameraMode":{"drawMode":0,"name":"Shaded","section":"Shading Mode"},"sceneLighting":false,"audioPlay":false,"sceneViewState":{"showFog":false,"showMaterialUpdate":false,"showSkybox":false,"showFlares":false,"showImageEffects":false,"showParticleSystems":false},"in2DMode":false,"pivot":{"x":1.4931896924972535,"y":-5.12480354309082,"z":-6.211234092712402},"rotation":{"x":0.5167073011398315,"y":-1.3192701153741382e-8,"z":-1.0733566035980857e-8,"w":0.8561621308326721},"size":51.85833740234375,"orthographic":false}