{"cameraMode":{"drawMode":0,"name":"Shaded","section":"Shading Mode"},"sceneLighting":false,"audioPlay":false,"sceneViewState":{"showFog":false,"showMaterialUpdate":false,"showSkybox":false,"showFlares":false,"showImageEffects":false,"showParticleSystems":false},"in2DMode":false,"pivot":{"x":-3.413980484008789,"y":0.0,"z":-3.5802741050720217},"rotation":{"x":0.5806121826171875,"y":-0.006106095388531685,"z":0.004354615230113268,"w":0.8141457438468933},"size":4.041658401489258,"orthographic":false}